select * from cities;

-- CITY
INSERT INTO Cities (city_id, city_name) VALUES
(98004, 'Kirkland'),
(98005, 'Bellevue'),
(98008, 'Redmond'),
(98029, 'Issaquah'),
(98040, 'Mercer Island'),
(98055, 'Northbend'),
(98056, 'Renton'),
(98101, 'Seattle');

-- CAFE_SHOPS
SELECT * FROM cafe_shops;
INSERT INTO cafe_shops (cafe_id, cafe_name, city_id, city_name, outlet) VALUES
(931924, 'Espresso Stop', 98029, 'Issaquah', ''),
(931925, 'Caffe Ladro', 98029, 'Issaquah', ''),
(931926, 'Starbucks',  98029, 'Issaquah', ''),
(931927, 'Cafe 1910', 98029, 'Issaquah', ''),
(931928, 'Amazonia Cafe',  98029, 'Issaquah', ''),
(931929, 'The Coffee Shop', 98029, 'Issaquah', ''),
(931930, 'Issaquah Coffee Company', 98029, 'Issaquah', ''),
(931931, 'L\'Experience Paris ',  98029, 'Issaquah', ''),
(931932, '5 Stones Coffee Co', 98025 , 'Bellevue', ''),
(931933, 'Mixift Coffee',  98025 , 'Bellevue', ''),
(931934, 'Copper Kettle',  98025 , 'Bellevue', ''),
(931935, 'Bellden Cafe',  98025 , 'Bellevue', ''),
(931936, 'Matcha Magic',  98025 , 'Bellevue', ''),
(931937, 'Third Culture Coffee',  98025 , 'Bellevue', ''),
(931938, 'Coffeeholic House', 98025 , 'Bellevue', ''),
(931939, 'Royal Bakehouse',  98025 , 'Bellevue', ''),
(931940, 'Semicolon Cafe', 98025 , 'Bellevue', ''),
(931941, 'TOASTED Bagels & Coffee',  98025 , 'Bellevue', ''),
(931942, 'Dote Coffee Bar',  98025 , 'Bellevue', ''),
(931943, 'Cafe An\'Clair',  98025 , 'Bellevue', ''),
(931944, 'Woods Coffee',  98025 , 'Bellevue', ''),
(931945, 'Fonte Coffee',  98025 , 'Bellevue', ''),
(931946, 'Story Coffee',  98025 , 'Bellevue', ''),
(931947, 'Starbucks',  98025 , 'Bellevue', ''),
(931948, 'Cafe Joy',  98025 , 'Bellevue', ''),
(931949, 'Spring Cafe',  98025 , 'Bellevue', ''),
(931950, 'Mercurys Coffee Co',  98025 , 'Bellevue', ''),
(931951, 'Amore Coffee',  98025 , 'Bellevue', ''),
(931952, 'Thruline Coffee Co',  98004  , 'Kirkland', ''),
(931953, 'Mercurys Coffee Co',  98004 , 'Kirkland', ''),
(931954, 'Cloud City Coffee', 98101 , 'Seattle', 'YES'),
(931957, 'Starbucks Reserve Roastery',  98101 , 'Seattle', 'YES');

-- INSERT MENU_ITEMS
SELECT * FROM menu_items;

-- Mercurys Coffee Co.
INSERT INTO menu_items (cafe_id, item_name, category) VALUES
(931950, 'Cappuccino', 'Coffee'),
(931953, 'Cappuccino', 'Coffee'),
(931950, 'Vanilla Latte', 'Coffee'),
(931953, 'Vanilla Latte', 'Coffee'),
(931950, 'Signature Mocha', 'Coffee'),
(931953, 'Signature Mocha', 'Coffee'),
(931950, 'White Chocolate Mocha', 'Coffee'),
(931953, 'White Chocolate Mocha', 'Coffee'),
(931950, 'Caramel Macchiato', 'Coffee'),
(931953, 'Caramel Macchiato', 'Coffee'),
(931950, 'White Chocolate Americano', 'Coffee'),
(931953, 'White Chocolate Americano', 'Coffee'),
(931950, 'Brewed Coffee', 'Coffee'),
(931953, 'Brewed Coffee', 'Coffee'),
(931950, 'Organic Americano', 'Coffee'),
(931953, 'Organic Americano', 'Coffee'),
(931950, 'Espresso Shots', 'Coffee'),
(931953, 'Espresso Shots', 'Coffee'),
(931950, 'Caramel Latte', 'Coffee'),
(931953, 'Caramel Latte', 'Coffee'),
(931950, 'SF Vanilla Latte', 'Coffee'),
(931953, 'SF Vanilla Latte', 'Coffee'),
(931950, 'Vanilla Americano', 'Coffee'),
(931953, 'Vanilla Americano', 'Coffee'),
(931950, 'Honey Cardamon Latte', 'Coffee'),
(931953, 'Honey Cardamon Latte', 'Coffee'),
(931950, 'Blonde Hawaiian', 'Coffee'),
(931953, 'Blonde Hawaiian', 'Coffee'),
(931950, 'Caramel Silk', 'Coffee'),
(931953, 'Caramel Silk', 'Coffee'),
(931950, 'The Bees Knees Coffee', 'Coffee'),
(931953, 'The Bees Knees Coffee', 'Coffee'),
(931950, 'Fusion Mocha', 'Coffee'),
(931953, 'Fusion Mocha', 'Coffee'),
(931950, 'The Bees Knees Coffee', 'Coffee'),
(931953, 'The Bees Knees Coffee', 'Coffee'),
(931950, 'Froasted Cinnamon Roll', 'Coffee'),
(931953, 'Froasted Cinnamon Roll', 'Coffee'),
(931950, 'Mexican Mocha', 'Coffee'),
(931953, 'Mexican Mocha', 'Coffee'),
(931950, 'Dublin Cream', 'Coffee'),
(931953, 'Dublin Cream', 'Coffee'),
(931950, 'Almond Joy', 'Coffee'),
(931953, 'Almond Joy', 'Coffee'),
(931950, 'Dark Chocolate Mocha', 'Coffee'),
(931953, 'Dark Chocolate Mocha', 'Coffee'),
(931950, 'Irish Nudge', 'Coffee'),
(931953, 'Irish Nudge', 'Coffee'),
(931950, 'Milky Way', 'Coffee'),
(931953, 'Milky Way', 'Coffee'),
(931950, 'Mocha Mudslide', 'Coffee'),
(931953, 'Mocha Mudslide', 'Coffee'),
(931950, 'Raseberry Silk', 'Coffee'),
(931953, 'Raseberry Silk', 'Coffee'),
(931950, 'Salted Caramel Mocha', 'Coffee'),
(931953, 'Salted Caramel Mocha', 'Coffee'),
(931950, 'SF Mocha', 'Coffee'),
(931953, 'SF Mocha', 'Coffee'),
(931950, 'SF White Chocolate Mocha', 'Coffee'),
(931953, 'SF White Chocolate Mocha', 'Coffee'),
(931950, 'Snickers Mocha', 'Coffee'),
(931953, 'Snickers Mocha', 'Coffee'),
(931950, 'White Russian', 'Coffee'),
(931953, 'White Russian', 'Coffee'),
(931950, 'Organic Codl Brew', 'Coffee'),
(931953, 'Organic Codl Brew', 'Coffee'),
(931950, 'Organic Nitro Cold Brew', 'Coffee'),
(931953, 'Organic Nitro Cold Brew', 'Coffee'),
(931950, 'Vanilla Sweet Cream Cold Brew', 'Coffee'),
(931953, 'Vanilla Sweet Cream Cold Brew', 'Coffee'),
(931950, 'Salted Caramel Cold Brew', 'Coffee'),
(931953, 'Salted Caramel Cold Brew', 'Coffee'),
(931950, 'Pumpkin Cream Cold Brew', 'Coffee'),
(931953, 'Pumpkin Cream Cold Brew', 'Coffee'),
(931950, 'Peppermint Cream Cold Brew', 'Coffee'),
(931953, 'Peppermint Cream Cold Brew', 'Coffee');


-- Dote Coffee Bar
SELECT * FROM menu_items;
INSERT INTO menu_items (cafe_id, item_name, category) VALUES
(931942, 'Cortado', 'Coffee'),
(931942, 'Vanilla Bean White Chocolate Mocha', 'Coffee'),
(931942, 'Hazelnet Milk Mocha', 'Coffee'),
(931942, 'Espresso Turmeric Ginger Latte', 'Coffee'),
(931942, 'Seasonal Ganache Signature', 'Coffee'),
(931942, 'Iced Honey Dark Mocha', 'Coffee'),
(931942, 'Iced Espresso Turmeric Ginger Latte', 'Coffee'),
(931942, 'Iced Seasonal Ganache Signatures', 'Coffee'),
(931942, 'Filter Coffee', 'Coffee'),
(931942, 'Cafe au Lait', 'Coffee'),
(931942, 'Cold Brew', 'Coffee'),
(931942, 'Nitro Cold Brew', 'Coffee'),
(931942, 'Batch Brewed Coffee', 'Coffee'),
(931942, 'Double Espresso', 'Coffee'),
(931942, 'Espresso Macchiato', 'Coffee'),
(931942, 'Americano', 'Coffee'),
(931942, 'Cappuccino', 'Coffee'),
(931942, 'Latte', 'Coffee'),
(931942, 'Madagascar Vanilla Latte', 'Coffee'),
(931942, 'Caramel Latte', 'Coffee'),
(931942, 'Espresso Over Ice', 'Coffee'),
(931942, 'Chai Tea Latte', 'Tea'),
(931942, 'Matcha Tea Latte', 'Tea'),
(931942, 'Beet Latte', 'Tea'),
(931942, 'Golden Tea', 'Tea'),
(931942, 'London Fog', 'Coffee'),
(931942, 'English Breakfast Tea', 'Coffee'),
(931942, 'Earl Grey Tea', 'Coffee'),
(931942, 'Classic Green Tea', 'Coffee'),
(931942, 'Jasmine Green Tea', 'Coffee'),
(931942, 'Herbal Chamomile Flowers Tea', 'Coffee'),
(931942, 'Herbal Peppermint Tea', 'Coffee'),
(931942, 'Yuzu Refresher', 'Coffee');


